{
  "grams": 0.17117702336498,
  "litres": 0.0952086603956,
  "energy": 0.00042430064454675,
  "monthly_views": 10000
}