{
  "grams": 8.0497060572859,
  "litres": 4.4772465090624,
  "energy": 0.016294951532967,
  "monthly_views": 10000
}