{
  "grams": 2.5578575319881,
  "litres": 1.4226803592918,
  "energy": 0.0051778492550366,
  "monthly_views": 10000
}