{
  "grams": 1.3736281418474,
  "litres": 0.76401197249555,
  "energy": 0.0027806237689219,
  "monthly_views": 10000
}