{
  "grams": 0.61800007764269,
  "litres": 0.34373164318486,
  "energy": 0.0013981902209111,
  "monthly_views": 10000
}