{
  "grams": 0.1264370789371,
  "litres": 0.070324303304813,
  "energy": 0.00031340265786275,
  "monthly_views": 10000
}