{
  "grams": 1.1650756934183,
  "litres": 0.64801510067924,
  "energy": 0.0023584528206848,
  "monthly_views": 10000
}