{
  "grams": 0.66495001226943,
  "litres": 0.36984519682426,
  "energy": 0.0013460526564158,
  "monthly_views": 10000
}