{
  "grams": 0.50868663485921,
  "litres": 0.28293150630869,
  "energy": 0.0012608939143829,
  "monthly_views": 10000
}