{
  "grams": 0.42869423545618,
  "litres": 0.23843973376073,
  "energy": 0.00086780209606513,
  "monthly_views": 10000
}