{
  "grams": 0.91075121914968,
  "litres": 0.50655982809105,
  "energy": 0.0018436259496957,
  "monthly_views": 10000
}