{
  "grams": 0.00037113011968322,
  "litres": 0.00020642257256781,
  "energy": 9.1992923989892e-07,
  "monthly_views": 10000
}