{
  "grams": 0.45717609145492,
  "litres": 0.25428134206723,
  "energy": 0.00092545767500997,
  "monthly_views": 10000
}