{
  "grams": 0.58057362844972,
  "litres": 0.32291505214373,
  "energy": 0.0014390819510445,
  "monthly_views": 10000
}