{
  "grams": 0.19767067274172,
  "litres": 0.10994442817894,
  "energy": 0.0004001430622302,
  "monthly_views": 10000
}