{
  "grams": 1.3348078434477,
  "litres": 0.74242012252559,
  "energy": 0.0027020401689224,
  "monthly_views": 10000
}