{
  "grams": 0.58489338511974,
  "litres": 0.3253177008036,
  "energy": 0.0011839947067201,
  "monthly_views": 10000
}