{
  "grams": 0.51451561592263,
  "litres": 0.28617358557617,
  "energy": 0.0012753423512913,
  "monthly_views": 10000
}