{
  "grams": 0.38289344859123,
  "litres": 0.21296533610644,
  "energy": 0.00077508795261383,
  "monthly_views": 10000
}