{
  "grams": 0.6953677145401,
  "litres": 0.3867635228272,
  "energy": 0.0014076269525103,
  "monthly_views": 10000
}