{
  "grams": 0.56213059652131,
  "litres": 0.31265703778515,
  "energy": 0.0011379161872901,
  "monthly_views": 10000
}