{
  "grams": 0.00068898634463549,
  "litres": 0.00038321420488626,
  "energy": 1.7078071832657e-06,
  "monthly_views": 10000
}