{
  "grams": 0.54461111134221,
  "litres": 0.30291270012854,
  "energy": 0.0013499407866038,
  "monthly_views": 10000
}