{
  "grams": 0.91194099816727,
  "litres": 0.50722158318063,
  "energy": 0.0022604502970353,
  "monthly_views": 10000
}