{
  "window": {
    "start_s": 2.2406530380249023,
    "end_s": 759.755
  },
  "energy": {
    "perfetto_j": 664.828374,
    "external_j": 1117.9574614999997,
    "rail_groups": {
      "other": 45.778143,
      "cpu": 45.400579,
      "memory": 47.248127,
      "display": 488.825581,
      "gpu": 2.739725,
      "wifi_bt": 34.836219
    },
    "perfetto_avg_j": 4.553619,
    "external_avg_j": 7.6572428869863,
    "perfetto_stdev_j": 0.11962191442290193,
    "external_stdev_j": 0.11747143323510777
  },
  "correlation": {
    "spearman": 0.32298063297118557
  },
  "calibration": {
    "slope": 0.12068535727498708,
    "intercept": 7.080179187600817,
    "r2": 0.040095447210310685
  },
  "sync": {
    "events": 146,
    "median_interval_s": 5.176213330999985
  },
  "network": {
    "median_page_bytes": 39365.0,
    "estimated_total_bytes": 5747290.0,
    "valid_measurement_count": 148,
    "coverage": 101.36986301369863,
    "stdev_page_bytes": 0.50788958384712,
    "cv_page_bytes": 0.0012902059795430458
  }
}