{
  "grams": 0.0022206533691846,
  "litres": 0.0012351274039405,
  "energy": 5.5043874308467e-06,
  "monthly_views": 10000
}