{
  "grams": 0.00027990070250817,
  "litres": 0.00015568077073504,
  "energy": 6.9379666820168e-07,
  "monthly_views": 10000
}