{
  "grams": 0.45604479318922,
  "litres": 0.25365211397185,
  "energy": 0.0011304093031213,
  "monthly_views": 10000
}