{
  "grams": 0.62044753561076,
  "litres": 0.3450929193067,
  "energy": 0.0012559666712768,
  "monthly_views": 10000
}