{
  "grams": 2.6807151501998e-05,
  "litres": 1.4910137665411e-05,
  "energy": 6.6447537392378e-08,
  "monthly_views": 10000
}