{
  "grams": 0.32501396886818,
  "litres": 0.18077276948448,
  "energy": 0.0006579230139032,
  "monthly_views": 10000
}