{
  "grams": 0.22465268294234,
  "litres": 0.12495182225253,
  "energy": 0.00045476251607761,
  "monthly_views": 10000
}