{
  "grams": 1.765943223048,
  "litres": 0.9822176206593,
  "energy": 0.0035747838523239,
  "monthly_views": 10000
}