{
  "grams": 0.37409299160913,
  "litres": 0.208070521933,
  "energy": 0.00075727326236665,
  "monthly_views": 10000
}