{
  "grams": 0.16084968244191,
  "litres": 0.089464593374192,
  "energy": 0.00032560664461926,
  "monthly_views": 10000
}