{
  "grams": 1.2143388492465,
  "litres": 0.6754152679509,
  "energy": 0.0024581758081913,
  "monthly_views": 10000
}