{
  "window": {
    "start_s": 2.352492332458496,
    "end_s": 798.4454923324585
  },
  "energy": {
    "perfetto_j": 1291.546397,
    "external_j": 2182.5707415000006,
    "rail_groups": {
      "other": 72.960373,
      "cpu": 609.933573,
      "memory": 224.353246,
      "display": 199.086601,
      "gpu": 20.226349,
      "wifi_bt": 164.986255
    },
    "perfetto_avg_j": 13.17904486734694,
    "external_avg_j": 22.271130015306127,
    "perfetto_stdev_j": 1.4221225115453908,
    "external_stdev_j": 3.864864982032308
  },
  "correlation": {
    "spearman": 0.6305491268672417
  },
  "calibration": {
    "slope": 0.9334404393692932,
    "intercept": 11.097947266796385,
    "r2": 0.3915428169550913
  },
  "sync": {
    "events": 98,
    "median_interval_s": 8.094440528999996
  },
  "network": {
    "median_page_bytes": 7029817.5,
    "estimated_total_bytes": 688922115.0,
    "valid_measurement_count": 16,
    "coverage": 16.3265306122449,
    "stdev_page_bytes": 1883130.1645695912,
    "cv_page_bytes": 26.787753232137124
  }
}