{
  "grams": 0.36658345658435,
  "litres": 0.20389371855221,
  "energy": 0.00090865931566805,
  "monthly_views": 10000
}