{
  "window": {
    "start_s": 2.257972002029419,
    "end_s": 209.799
  },
  "energy": {
    "perfetto_j": 167.601564,
    "external_j": 319.17360299999984,
    "rail_groups": {
      "other": 15.246318,
      "cpu": 54.140842,
      "memory": 26.290918,
      "display": 42.678569,
      "gpu": 1.393289,
      "wifi_bt": 27.851628
    },
    "perfetto_avg_j": 6.9833985,
    "external_avg_j": 13.298900124999994,
    "perfetto_stdev_j": 0.2480669094403633,
    "external_stdev_j": 0.8096324014842338
  },
  "correlation": {
    "spearman": 0.8073122529644269
  },
  "calibration": {
    "slope": 2.2124548872709835,
    "intercept": -1.7541459693184471,
    "r2": 0.6835019693118013
  },
  "sync": {
    "events": 24,
    "median_interval_s": 8.188955014999998
  },
  "website_carbon": {
    "grams": 0.98731377247372,
    "litres": 0.54914392024988,
    "energy_kwh": 0.0024472786230035,
    "energy_j": 8810.2030428126,
    "monthly_views": 10000
  },
  "network": {
    "median_page_bytes": 11629099.0,
    "estimated_total_bytes": 279098376.0,
    "valid_measurement_count": 4,
    "coverage": 16.666666666666664,
    "stdev_page_bytes": 5.972157622389639,
    "cv_page_bytes": 5.13552909162579e-05
  }
}