{
  "grams": 0.77186902042665,
  "litres": 0.4293135491613,
  "energy": 0.0015624878956005,
  "monthly_views": 10000
}