{
  "grams": 0.0010691372835543,
  "litres": 0.0005946541571129,
  "energy": 2.6500965468585e-06,
  "monthly_views": 10000
}