{
  "grams": 0.034832623894326,
  "litres": 0.019373905410024,
  "energy": 7.051138440147e-05,
  "monthly_views": 10000
}