{
  "grams": 0.64532884467579,
  "litres": 0.35893190340868,
  "energy": 0.0013063336936757,
  "monthly_views": 10000
}