{
  "grams": 1.221054548705,
  "litres": 0.67915053998972,
  "energy": 0.0024717703415081,
  "monthly_views": 10000
}