{
  "grams": 2.0799801713834,
  "litres": 1.1568849713234,
  "energy": 0.0042104861768894,
  "monthly_views": 10000
}