{
  "grams": 0.11974236148037,
  "litres": 0.066600701455382,
  "energy": 0.00024239344429225,
  "monthly_views": 10000
}