{
  "grams": 1.1819095424954,
  "litres": 0.65737808753593,
  "energy": 0.0023925294382498,
  "monthly_views": 10000
}