{
  "grams": 0.3665524794315,
  "litres": 0.2038764890598,
  "energy": 0.00090858253184706,
  "monthly_views": 10000
}