{
  "grams": 0.28349503178056,
  "litres": 0.15767993667635,
  "energy": 0.00057387658255175,
  "monthly_views": 10000
}