{
  "grams": 0.023660417426005,
  "litres": 0.013159924172344,
  "energy": 5.8647651225328e-05,
  "monthly_views": 10000
}