{
  "grams": 0.77887483109906,
  "litres": 0.4332101810573,
  "energy": 0.0015766696985811,
  "monthly_views": 10000
}