{
  "grams": 0.1336893747244,
  "litres": 0.074358030221713,
  "energy": 0.0002706262646243,
  "monthly_views": 10000
}