{
  "grams": 0.20245543753337,
  "litres": 0.11260571435606,
  "energy": 0.00050183120928705,
  "monthly_views": 10000
}