{
  "grams": 2.0863483417835,
  "litres": 1.1604269477,
  "energy": 0.0042233772100881,
  "monthly_views": 10000
}