{
  "grams": 0.30839398128861,
  "litres": 0.17152873239272,
  "energy": 0.00076442365022376,
  "monthly_views": 10000
}