{
  "grams": 0.015174983985722,
  "litres": 0.0084403260928586,
  "energy": 3.0718591064215e-05,
  "monthly_views": 10000
}