{
  "grams": 0.54964768620674,
  "litres": 0.30571404306819,
  "energy": 0.0011126471380703,
  "monthly_views": 10000
}