{
  "grams": 0.021498866574839,
  "litres": 0.011957669588925,
  "energy": 4.351997282356e-05,
  "monthly_views": 10000
}