{
  "grams": 0.008400199376978,
  "litres": 0.0046721908934752,
  "energy": 1.7004452180117e-05,
  "monthly_views": 10000
}