{
  "grams": 0.033294221648946,
  "litres": 0.018518246081144,
  "energy": 6.7397209815681e-05,
  "monthly_views": 10000
}