{
  "grams": 0.41490405316651,
  "litres": 0.23076963437121,
  "energy": 0.00083988674730062,
  "monthly_views": 10000
}