{
  "grams": 0.11783089955617,
  "litres": 0.06553754633314,
  "energy": 0.00023852408817038,
  "monthly_views": 10000
}