{
  "grams": 1.3639018090982,
  "litres": 0.75860218622042,
  "energy": 0.0027609348362312,
  "monthly_views": 10000
}