{
  "grams": 0.81504109124187,
  "litres": 0.45332585494873,
  "energy": 0.0016498807515018,
  "monthly_views": 10000
}