{
  "grams": 0.50612579378765,
  "litres": 0.28150716650469,
  "energy": 0.0010245461412705,
  "monthly_views": 10000
}