{
  "grams": 0.55872762532812,
  "litres": 0.3107643052075,
  "energy": 0.0011310275816359,
  "monthly_views": 10000
}