{
  "grams": 0.060830506830476,
  "litres": 0.033833927899111,
  "energy": 0.00012313867779449,
  "monthly_views": 10000
}