{
  "grams": 0.37301530069932,
  "litres": 0.20747111024896,
  "energy": 0.00092460208386183,
  "monthly_views": 10000
}