{
  "grams": 0.5896195719,
  "litres": 0.32794640589078,
  "energy": 0.0011935618864372,
  "monthly_views": 10000
}