{
  "grams": 1.382197260146,
  "litres": 0.76877811609322,
  "energy": 0.0027979701622389,
  "monthly_views": 10000
}