{
  "grams": 0.24583519560425,
  "litres": 0.13673353579508,
  "energy": 0.00060935766901821,
  "monthly_views": 10000
}