{
  "grams": 0.063625224016607,
  "litres": 0.035388349598037,
  "energy": 0.00012879600003362,
  "monthly_views": 10000
}