{
  "grams": 0.15323206084333,
  "litres": 0.085227672241062,
  "energy": 0.0003798200301826,
  "monthly_views": 10000
}