{
  "grams": 0.00010504026710987,
  "litres": 5.842339656651e-05,
  "energy": 2.1263211965561e-07,
  "monthly_views": 10000
}