{
  "grams": 4.2760233736395,
  "litres": 2.3783242004183,
  "energy": 0.010599082971923,
  "monthly_views": 10000
}