{
  "grams": 0.32329758172575,
  "litres": 0.17981811495586,
  "energy": 0.00065444854600355,
  "monthly_views": 10000
}