{
  "grams": 0.53768653840944,
  "litres": 0.29906125266333,
  "energy": 0.0010884342882782,
  "monthly_views": 10000
}