{
  "grams": 0.45033614645032,
  "litres": 0.25047696465567,
  "energy": 0.0011162591418251,
  "monthly_views": 10000
}