{
  "grams": 0.69080325642508,
  "litres": 0.38422477122363,
  "energy": 0.0013983871587552,
  "monthly_views": 10000
}