{
  "grams": 0.64181854066998,
  "litres": 0.35697947232064,
  "energy": 0.0012992278151214,
  "monthly_views": 10000
}