{
  "window": {
    "start_s": 2.2333920001983643,
    "end_s": 759.554
  },
  "energy": {
    "perfetto_j": 565.120606,
    "external_j": 1097.370433,
    "rail_groups": {
      "other": 48.590411,
      "cpu": 140.943538,
      "memory": 73.343249,
      "display": 236.228364,
      "gpu": 5.810939,
      "wifi_bt": 60.204105
    },
    "perfetto_avg_j": 3.8706890821917805,
    "external_avg_j": 7.516235842465754,
    "perfetto_stdev_j": 0.19739513075647613,
    "external_stdev_j": 0.29091428096601585
  },
  "correlation": {
    "spearman": 0.31902849944890566
  },
  "calibration": {
    "slope": 0.6189301193999464,
    "intercept": 5.103486681279435,
    "r2": 0.10078632243664935
  },
  "sync": {
    "events": 146,
    "median_interval_s": 5.186727055000006
  },
  "network": {
    "median_page_bytes": 3365555.0,
    "estimated_total_bytes": 491371030.0,
    "valid_measurement_count": 148,
    "coverage": 101.36986301369863,
    "stdev_page_bytes": 1.0848155529709376,
    "cv_page_bytes": 3.223288738323806e-05
  }
}