{
  "grams": 0.40940647692466,
  "litres": 0.2277118824655,
  "energy": 0.0010148057760671,
  "monthly_views": 10000
}