{
  "grams": 0.030786268907646,
  "litres": 0.017123322766433,
  "energy": 7.6310672331601e-05,
  "monthly_views": 10000
}