{
  "grams": 0.58728127968404,
  "litres": 0.32664584776027,
  "energy": 0.0011888285013847,
  "monthly_views": 10000
}