{
  "grams": 0.94355688618701,
  "litres": 0.52480634009721,
  "energy": 0.0021347440863959,
  "monthly_views": 10000
}