{
  "grams": 0.82512881252915,
  "litres": 0.45893664552871,
  "energy": 0.0016703012399375,
  "monthly_views": 10000
}