{
  "grams": 4.3031921255663,
  "litres": 2.39343546024,
  "energy": 0.0087109152339399,
  "monthly_views": 10000
}