{
  "grams": 3.7624376402283,
  "litres": 2.092667815495,
  "energy": 0.007616270526778,
  "monthly_views": 10000
}