{
  "grams": 0.16257711548544,
  "litres": 0.090425391633004,
  "energy": 0.0003291034726426,
  "monthly_views": 10000
}