{
  "grams": 1.3089677293254,
  "litres": 0.72804785105079,
  "energy": 0.002649732245598,
  "monthly_views": 10000
}