{
  "grams": 0.1238583143279,
  "litres": 0.068889994429176,
  "energy": 0.00025072533264756,
  "monthly_views": 10000
}