{
  "grams": 0.087975287762471,
  "litres": 0.048931855053486,
  "energy": 0.00017808762704954,
  "monthly_views": 10000
}