{
  "grams": 0.011554818420112,
  "litres": 0.0064267900052664,
  "energy": 2.864120900631e-05,
  "monthly_views": 10000
}