{
  "grams": 0.37815486122388,
  "litres": 0.21032973381272,
  "energy": 0.00076549567049369,
  "monthly_views": 10000
}