{
  "grams": 0.21757048882172,
  "litres": 0.12101270588264,
  "energy": 0.00044042609073222,
  "monthly_views": 10000
}