{
  "grams": 0.031501034231856,
  "litres": 0.017520875239759,
  "energy": 6.3767275772989e-05,
  "monthly_views": 10000
}