{
  "grams": 0.24730005750521,
  "litres": 0.1375482919844,
  "energy": 0.00061298865778372,
  "monthly_views": 10000
}