{
  "grams": 0.68268629062548,
  "litres": 0.37971011484589,
  "energy": 0.0013819560538977,
  "monthly_views": 10000
}