{
  "grams": 0.58436815946931,
  "litres": 0.32502557029683,
  "energy": 0.0014484875472263,
  "monthly_views": 10000
}