{
  "grams": 2.2414964826408,
  "litres": 1.2467203436448,
  "energy": 0.0055560517623089,
  "monthly_views": 10000
}