{
  "grams": 0.071073588022077,
  "litres": 0.039531129657879,
  "energy": 0.000176171828527,
  "monthly_views": 10000
}