{
  "grams": 0.92317587796692,
  "litres": 0.5134704233252,
  "energy": 0.0018687770809047,
  "monthly_views": 10000
}