{
  "grams": 0.027939773191698,
  "litres": 0.015540101849222,
  "energy": 5.6558245327324e-05,
  "monthly_views": 10000
}