{
  "grams": 0.59418507208116,
  "litres": 0.33048573709154,
  "energy": 0.001202803789638,
  "monthly_views": 10000
}