{
  "grams": 0.33084610044491,
  "litres": 0.18401660106746,
  "energy": 0.00066972894826904,
  "monthly_views": 10000
}