{
  "grams": 1.9532114392656,
  "litres": 1.0863762025195,
  "energy": 0.0048414726248011,
  "monthly_views": 10000
}