{
  "grams": 0.54394800123665,
  "litres": 0.30254387828783,
  "energy": 0.0011011093142442,
  "monthly_views": 10000
}