{
  "grams": 0.0068093568897806,
  "litres": 0.003787364302096,
  "energy": 1.6878518275917e-05,
  "monthly_views": 10000
}