{
  "grams": 2.0062765786231,
  "litres": 1.1158910330302,
  "energy": 0.0049730064743198,
  "monthly_views": 10000
}