{
  "window": {
    "start_s": 2.3730862140655518,
    "end_s": 809.715
  },
  "energy": {
    "perfetto_j": 1934.285784,
    "external_j": 3157.5145884999997,
    "rail_groups": {
      "other": 94.466787,
      "cpu": 1031.572122,
      "memory": 328.401023,
      "display": 169.933917,
      "gpu": 24.222601,
      "wifi_bt": 285.689334
    },
    "perfetto_avg_j": 19.53824024242424,
    "external_avg_j": 31.89408675252525,
    "perfetto_stdev_j": 1.3432919730490072,
    "external_stdev_j": 4.1073576993118
  },
  "correlation": {
    "spearman": 0.719462667916276
  },
  "calibration": {
    "slope": 1.246549787525973,
    "intercept": 8.899070916966089,
    "r2": 0.7294272444704847
  },
  "sync": {
    "events": 99,
    "median_interval_s": 8.086735488500011
  },
  "website_carbon": {
    "grams": 0.76134582490898,
    "litres": 0.42346054781437,
    "energy_kwh": 0.0018871663841419,
    "energy_j": 6793.79898291084,
    "monthly_views": 10000
  },
  "network": {
    "median_page_bytes": 2941599.0,
    "estimated_total_bytes": 291218301.0,
    "valid_measurement_count": 76,
    "coverage": 76.76767676767676,
    "stdev_page_bytes": 1803674.3029084683,
    "cv_page_bytes": 61.316117625429854
  }
}