{
  "grams": 1.1658241053214,
  "litres": 0.64843136737978,
  "energy": 0.0023599678245373,
  "monthly_views": 10000
}