{
  "window": {
    "start_s": 2.1536731719970703,
    "end_s": 809.89
  },
  "energy": {
    "perfetto_j": 1287.551292,
    "external_j": 2116.3454655000037,
    "rail_groups": {
      "other": 69.299677,
      "cpu": 329.103877,
      "memory": 145.065121,
      "display": 500.895101,
      "gpu": 4.537057,
      "wifi_bt": 238.650459
    },
    "perfetto_avg_j": 13.138278489795919,
    "external_avg_j": 21.59536189285718,
    "perfetto_stdev_j": 0.3301465334842216,
    "external_stdev_j": 2.0439430503576848
  },
  "correlation": {
    "spearman": 0.48902009257311163
  },
  "calibration": {
    "slope": 1.041228551493134,
    "intercept": 8.465611048470386,
    "r2": 0.16781674369219396
  },
  "sync": {
    "events": 98,
    "median_interval_s": 8.165076854999995
  },
  "network": {
    "median_page_bytes": 11270951.0,
    "estimated_total_bytes": 1104553198.0,
    "valid_measurement_count": 95,
    "coverage": 96.93877551020408,
    "stdev_page_bytes": 1072135.966331685,
    "cv_page_bytes": 9.512382462949978
  }
}