{
  "grams": 0.35266529815178,
  "litres": 0.19615243883202,
  "energy": 0.00071389736467972,
  "monthly_views": 10000
}