{
  "grams": 0.22449637302104,
  "litres": 0.1248648826743,
  "energy": 0.00045444609923288,
  "monthly_views": 10000
}