{
  "grams": 2.7981612980951,
  "litres": 1.5563373140005,
  "energy": 0.0063306816698983,
  "monthly_views": 10000
}