{
  "grams": 0.40102602470107,
  "litres": 0.22305067493874,
  "energy": 0.00081179357226938,
  "monthly_views": 10000
}