{
  "grams": 0.65171462599374,
  "litres": 0.36248367497772,
  "energy": 0.0013192603765056,
  "monthly_views": 10000
}