{
  "grams": 0.13963300564154,
  "litres": 0.077663877737825,
  "energy": 0.00034611172182485,
  "monthly_views": 10000
}