{
  "grams": 0.033427397701889,
  "litres": 0.018592318601791,
  "energy": 6.7666796967387e-05,
  "monthly_views": 10000
}