{
  "grams": 1.7758857845217,
  "litres": 0.98774767335097,
  "energy": 0.0035949104949832,
  "monthly_views": 10000
}