{
  "grams": 0.057534614880476,
  "litres": 0.032000752796521,
  "energy": 0.00014261244703084,
  "monthly_views": 10000
}