{
  "grams": 0.49251953964559,
  "litres": 0.27393936795088,
  "energy": 0.0012208201428875,
  "monthly_views": 10000
}