{
  "grams": 0.14200349943805,
  "litres": 0.078982346387446,
  "energy": 0.00028745647659525,
  "monthly_views": 10000
}