{
  "grams": 0.4665936600063,
  "litres": 0.2595193936955,
  "energy": 0.00094452157896012,
  "monthly_views": 10000
}