{
  "grams": 0.36919788590726,
  "litres": 0.20534786414162,
  "energy": 0.00074736414151266,
  "monthly_views": 10000
}