{
  "grams": 0.17443176412303,
  "litres": 0.097018947205229,
  "energy": 0.00035310073709115,
  "monthly_views": 10000
}