{
  "grams": 0.20937745219376,
  "litres": 0.11645573891017,
  "energy": 0.00042384099634364,
  "monthly_views": 10000
}