{
  "grams": 0.96192625372857,
  "litres": 0.53502338232383,
  "energy": 0.0019472191371024,
  "monthly_views": 10000
}