{
  "grams": 0.11935231612343,
  "litres": 0.066383758227854,
  "energy": 0.00024160387879238,
  "monthly_views": 10000
}