{
  "grams": 3.8660653866827e-05,
  "litres": 2.1503055680729e-05,
  "energy": 7.8260432928801e-08,
  "monthly_views": 10000
}