{
  "window": {
    "start_s": 2.209346055984497,
    "end_s": 759.707
  },
  "energy": {
    "perfetto_j": 628.361946,
    "external_j": 1195.1645799999992,
    "rail_groups": {
      "other": 50.283614,
      "cpu": 147.371479,
      "memory": 79.846243,
      "display": 254.529564,
      "gpu": 6.416235,
      "wifi_bt": 89.914811
    },
    "perfetto_avg_j": 4.30384894520548,
    "external_avg_j": 8.186058767123281,
    "perfetto_stdev_j": 0.16686899167869118,
    "external_stdev_j": 0.2614755449979684
  },
  "correlation": {
    "spearman": 0.12483467170524326
  },
  "calibration": {
    "slope": 0.21622350052156122,
    "intercept": 7.12466706504363,
    "r2": 0.01693553337941172
  },
  "sync": {
    "events": 146,
    "median_interval_s": 5.156535278999968
  },
  "network": {
    "median_page_bytes": 7062550.0,
    "estimated_total_bytes": 1031132300.0,
    "valid_measurement_count": 148,
    "coverage": 101.36986301369863,
    "stdev_page_bytes": 1.3630400898175061,
    "cv_page_bytes": 1.929954605372714e-05
  }
}