{
  "grams": 0.23883020121697,
  "litres": 0.13283735791688,
  "energy": 0.00048346194578335,
  "monthly_views": 10000
}