{
  "grams": 0.43836075360887,
  "litres": 0.24381625115725,
  "energy": 0.00088736994657665,
  "monthly_views": 10000
}