{
  "grams": 0.064464087260887,
  "litres": 0.035854925334505,
  "energy": 0.00013049410376698,
  "monthly_views": 10000
}