{
  "grams": 0.45462855235767,
  "litres": 0.25286440082133,
  "energy": 0.00092030071327463,
  "monthly_views": 10000
}