{
  "grams": 0.48264793940261,
  "litres": 0.26844878389573,
  "energy": 0.0009770201202482,
  "monthly_views": 10000
}