{
  "grams": 0.11171017598826,
  "litres": 0.062133199884673,
  "energy": 0.00025273795472458,
  "monthly_views": 10000
}