{
  "window": {
    "start_s": 2.343144178390503,
    "end_s": 809.771
  },
  "energy": {
    "perfetto_j": 1297.972822,
    "external_j": 2178.137984499999,
    "rail_groups": {
      "other": 72.188131,
      "cpu": 378.842406,
      "memory": 198.700668,
      "display": 483.184173,
      "gpu": 22.912152,
      "wifi_bt": 142.145292
    },
    "perfetto_avg_j": 13.110836585858586,
    "external_avg_j": 22.001393782828274,
    "perfetto_stdev_j": 1.4574648830545607,
    "external_stdev_j": 4.778576827909624
  },
  "correlation": {
    "spearman": 0.836913209519984
  },
  "calibration": {
    "slope": 1.3727361351754737,
    "intercept": 4.757916868905042,
    "r2": 0.6998049246731207
  },
  "sync": {
    "events": 99,
    "median_interval_s": 8.13520312649996
  },
  "website_carbon": {
    "grams": 5.7670891375443,
    "litres": 3.2076549783022,
    "energy_kwh": 0.014295023888815,
    "energy_j": 51462.085999734,
    "monthly_views": 10000
  },
  "network": {
    "median_page_bytes": 21833120.5,
    "estimated_total_bytes": 2161478929.5,
    "valid_measurement_count": 4,
    "coverage": 4.040404040404041,
    "stdev_page_bytes": 8657384.742395991,
    "cv_page_bytes": 39.652530394800834
  }
}