{
  "grams": 0.39618489802536,
  "litres": 0.2203580402817,
  "energy": 0.0008019937206991,
  "monthly_views": 10000
}