{
  "grams": 0.17615209027547,
  "litres": 0.097975792611219,
  "energy": 0.00043663246370852,
  "monthly_views": 10000
}