{
  "grams": 0.0011440844172612,
  "litres": 0.00063633975288067,
  "energy": 2.3159603588283e-06,
  "monthly_views": 10000
}