{
  "grams": 0.3712388766529,
  "litres": 0.20648306319435,
  "energy": 0.00075149570172653,
  "monthly_views": 10000
}