{
  "grams": 0.0088798624221236,
  "litres": 0.0049389794791851,
  "energy": 1.7975430004299e-05,
  "monthly_views": 10000
}