{
  "grams": 0.062012939281762,
  "litres": 0.034491596828516,
  "energy": 0.00012553226575255,
  "monthly_views": 10000
}