{
  "grams": 0.0068544609859586,
  "litres": 0.0038124512003902,
  "energy": 1.6990318894386e-05,
  "monthly_views": 10000
}