{
  "grams": 0.2725065242053,
  "litres": 0.15156812876299,
  "energy": 0.0006754685388878,
  "monthly_views": 10000
}