{
  "grams": 0.37595631007757,
  "litres": 0.20910689966514,
  "energy": 0.00076104516210034,
  "monthly_views": 10000
}