{
  "grams": 0.88420875244774,
  "litres": 0.49179690811143,
  "energy": 0.0017898962600157,
  "monthly_views": 10000
}