{
  "grams": 0.62017159649637,
  "litres": 0.34493944197128,
  "energy": 0.0012554080900736,
  "monthly_views": 10000
}