{
  "grams": 0.0760040319236,
  "litres": 0.042273442555906,
  "energy": 0.00015385431563482,
  "monthly_views": 10000
}