{
  "grams": 0.014287977285683,
  "litres": 0.007946972966297,
  "energy": 2.8923030942678e-05,
  "monthly_views": 10000
}