{
  "grams": 0.15730606705509,
  "litres": 0.087493634496042,
  "energy": 0.00038991836830974,
  "monthly_views": 10000
}