{
  "grams": 0.52127493279628,
  "litres": 0.28993311762129,
  "energy": 0.0012920968341641,
  "monthly_views": 10000
}