{
  "grams": 0.43884885738976,
  "litres": 0.24408773448019,
  "energy": 0.00088835801091045,
  "monthly_views": 10000
}