{
  "grams": 0.00021435300540179,
  "litres": 0.00011922314160448,
  "energy": 4.3391296640038e-07,
  "monthly_views": 10000
}