{
  "grams": 1.3289488117562,
  "litres": 0.73916132909878,
  "energy": 0.0030066715198103,
  "monthly_views": 10000
}