{
  "grams": 0.8557049088534,
  "litres": 0.47594307030426,
  "energy": 0.001732196171768,
  "monthly_views": 10000
}