{
  "window": {
    "start_s": 1.0,
    "end_s": 209.762
  },
  "energy": {
    "perfetto_j": 140.452304,
    "external_j": 283.8885145,
    "rail_groups": {
      "other": 14.979027,
      "cpu": 37.643112,
      "memory": 22.22104,
      "display": 39.037086,
      "gpu": 1.25492,
      "wifi_bt": 25.317119
    },
    "perfetto_avg_j": 5.852179333333333,
    "external_avg_j": 11.828688104166666,
    "perfetto_stdev_j": 0.13710776646325532,
    "external_stdev_j": 0.2586832609719004
  },
  "correlation": {
    "spearman": -0.02766798418972332
  },
  "calibration": {
    "slope": -0.05549020625249913,
    "intercept": 11.305620880652675,
    "r2": 0.0024257345771179647
  },
  "sync": {
    "events": 24,
    "median_interval_s": 8.157201874000009
  },
  "website_carbon": {
    "grams": 0.46071136510228,
    "litres": 0.25624766126989,
    "energy_kwh": 0.0011419764482416,
    "energy_j": 4111.11521366976,
    "monthly_views": 10000
  },
  "network": {
    "median_page_bytes": 5976346.0,
    "estimated_total_bytes": 143432304.0,
    "valid_measurement_count": 24,
    "coverage": 100.0,
    "stdev_page_bytes": 3.786895788128441,
    "cv_page_bytes": 6.336473470793761e-05
  }
}