{
  "grams": 0.14847689767722,
  "litres": 0.08258285048807,
  "energy": 0.00036803329177201,
  "monthly_views": 10000
}