{
  "grams": 0.076659283113666,
  "litres": 0.042637893267821,
  "energy": 0.00015518073504791,
  "monthly_views": 10000
}