{
  "grams": 0.17216012245752,
  "litres": 0.095755460110872,
  "energy": 0.00042673747614026,
  "monthly_views": 10000
}