{
  "grams": 8.2323225215077e-05,
  "litres": 4.5788177864626e-05,
  "energy": 1.6664620488882e-07,
  "monthly_views": 10000
}