{
  "grams": 0.063737767159939,
  "litres": 0.035450946094358,
  "energy": 0.00012902382016182,
  "monthly_views": 10000
}