{
  "grams": 1.6971275717849,
  "litres": 0.94394235542676,
  "energy": 0.0034354809145443,
  "monthly_views": 10000
}