{
  "grams": 0.4490449535558,
  "litres": 0.24975880316774,
  "energy": 0.0009089978816919,
  "monthly_views": 10000
}