{
  "grams": 0.80637026728783,
  "litres": 0.44850314266549,
  "energy": 0.0016323284762912,
  "monthly_views": 10000
}