{
  "grams": 0.43622733159643,
  "litres": 0.24262964183393,
  "energy": 0.00088305127853528,
  "monthly_views": 10000
}