{
  "grams": 0.13399005769934,
  "litres": 0.074525270092371,
  "energy": 0.00033212440973148,
  "monthly_views": 10000
}