{
  "grams": 0.0010707542228512,
  "litres": 0.00059555349874986,
  "energy": 2.6541044935584e-06,
  "monthly_views": 10000
}