{
  "window": {
    "start_s": 2.2049789428710938,
    "end_s": 809.957
  },
  "energy": {
    "perfetto_j": 857.255557,
    "external_j": 1422.6667839999982,
    "rail_groups": {
      "other": 59.730279,
      "cpu": 126.860077,
      "memory": 74.868272,
      "display": 474.900983,
      "gpu": 5.115693,
      "wifi_bt": 115.780253
    },
    "perfetto_avg_j": 8.747505683673468,
    "external_avg_j": 14.517007999999981,
    "perfetto_stdev_j": 0.20084601545783462,
    "external_stdev_j": 0.28626303274370746
  },
  "correlation": {
    "spearman": 0.42849253103303175
  },
  "calibration": {
    "slope": 0.5799963045355715,
    "intercept": 9.495485513092081,
    "r2": 0.22638362462255104
  },
  "sync": {
    "events": 98,
    "median_interval_s": 8.182422975999998
  },
  "website_carbon": {
    "grams": 0.4733150665137,
    "litres": 0.26325783999492,
    "energy_kwh": 0.0011732175489888,
    "energy_j": 4223.58317635968,
    "monthly_views": 10000
  },
  "network": {
    "median_page_bytes": 8193084.0,
    "estimated_total_bytes": 802922232.0,
    "valid_measurement_count": 99,
    "coverage": 101.0204081632653,
    "stdev_page_bytes": 42.726520517771576,
    "cv_page_bytes": 0.0005214949647504111
  }
}