{
  "grams": 0.0099366216966882,
  "litres": 0.005526748987698,
  "energy": 2.0114618819207e-05,
  "monthly_views": 10000
}