{
  "window": {
    "start_s": 2.3449151515960693,
    "end_s": 809.694
  },
  "energy": {
    "perfetto_j": 888.361079,
    "external_j": 1569.7416039999994,
    "rail_groups": {
      "other": 63.616593,
      "cpu": 246.703869,
      "memory": 135.171022,
      "display": 318.524004,
      "gpu": 10.85568,
      "wifi_bt": 113.489911
    },
    "perfetto_avg_j": 8.973344232323232,
    "external_avg_j": 15.855975797979792,
    "perfetto_stdev_j": 0.1830599091912588,
    "external_stdev_j": 0.587747549645078
  },
  "correlation": {
    "spearman": 0.34593143724218833
  },
  "calibration": {
    "slope": 1.0506677446631019,
    "intercept": 6.5411486799708705,
    "r2": 0.13441699538741708
  },
  "sync": {
    "events": 99,
    "median_interval_s": 8.173040150499986
  },
  "website_carbon": {
    "grams": 3.1913275597617e-05,
    "litres": 1.7750163887395e-05,
    "energy_kwh": 7.9104211181402e-08,
    "energy_j": 0.28477516025304717,
    "monthly_views": 10000
  },
  "network": {
    "median_page_bytes": 15514679.0,
    "estimated_total_bytes": 1535953221.0,
    "valid_measurement_count": 99,
    "coverage": 100.0,
    "stdev_page_bytes": 14822.800218350489,
    "cv_page_bytes": 0.0955404892254006
  }
}