{
  "grams": 0.35680125866923,
  "litres": 0.19845286007183,
  "energy": 0.00072226975439116,
  "monthly_views": 10000
}