{
  "grams": 0.026846020569094,
  "litres": 0.01493175664053,
  "energy": 5.4344171192497e-05,
  "monthly_views": 10000
}