{
  "grams": 0.36141677802522,
  "litres": 0.20102001193763,
  "energy": 0.00073161291098222,
  "monthly_views": 10000
}