{
  "grams": 0.74806531195901,
  "litres": 0.4160739265116,
  "energy": 0.0015143022509292,
  "monthly_views": 10000
}