{
  "grams": 0.28743445862364,
  "litres": 0.15987104588647,
  "energy": 0.00058185113081709,
  "monthly_views": 10000
}