{
  "grams": 0.90004148858227,
  "litres": 0.50060307594946,
  "energy": 0.0018219463331625,
  "monthly_views": 10000
}