{
  "grams": 0.13952245805487,
  "litres": 0.077602391170119,
  "energy": 0.00034583770483732,
  "monthly_views": 10000
}