{
  "grams": 1.2796107461806,
  "litres": 0.71171949702567,
  "energy": 0.0025903051542118,
  "monthly_views": 10000
}