{
  "grams": 0.0031658820413519,
  "litres": 0.0017608635913999,
  "energy": 7.8473486937582e-06,
  "monthly_views": 10000
}