{
  "grams": 0.1495792247674,
  "litres": 0.083195964815626,
  "energy": 0.0003707656566985,
  "monthly_views": 10000
}