{
  "grams": 0.056316889385739,
  "litres": 0.031323453876348,
  "energy": 0.00013959404127672,
  "monthly_views": 10000
}