{
  "grams": 0.14811274592713,
  "litres": 0.082380309284672,
  "energy": 0.00036713065998629,
  "monthly_views": 10000
}