{
  "grams": 0.19094559468795,
  "litres": 0.10620393976544,
  "energy": 0.00038652954390272,
  "monthly_views": 10000
}