{
  "grams": 0.34856893614773,
  "litres": 0.19387404228537,
  "energy": 0.00070560513390228,
  "monthly_views": 10000
}