{
  "grams": 0.49302028021524,
  "litres": 0.27421787985571,
  "energy": 0.0012220613406971,
  "monthly_views": 10000
}