{
  "grams": 0.16565496204235,
  "litres": 0.092137289887953,
  "energy": 0.00033533393125981,
  "monthly_views": 10000
}