{
  "grams": 0.26788561042026,
  "litres": 0.14899797651575,
  "energy": 0.00054227856360376,
  "monthly_views": 10000
}