{
  "grams": 0.0015748988752253,
  "litres": 0.00087595875440033,
  "energy": 3.9037400856614e-06,
  "monthly_views": 10000
}