{
  "grams": 0.34241147152148,
  "litres": 0.19044926046025,
  "energy": 0.00069314063061029,
  "monthly_views": 10000
}