{
  "grams": 0.21975966137275,
  "litres": 0.12223032365552,
  "energy": 0.00044485761411488,
  "monthly_views": 10000
}