{
  "grams": 1.178538771146,
  "litres": 0.65550326451139,
  "energy": 0.0023857060144655,
  "monthly_views": 10000
}