{
  "grams": 0.21659365602024,
  "litres": 0.12046939147846,
  "energy": 0.00043844869639725,
  "monthly_views": 10000
}