{
  "grams": 0.28288523204206,
  "litres": 0.15734076606179,
  "energy": 0.00070119449403137,
  "monthly_views": 10000
}