{
  "grams": 1.1774550223583,
  "litres": 0.65490048343571,
  "energy": 0.0023835121910088,
  "monthly_views": 10000
}