{
  "grams": 1.4542062188946,
  "litres": 0.80882949894916,
  "energy": 0.0029437372852117,
  "monthly_views": 10000
}