{
  "grams": 0.073237903822074,
  "litres": 0.040734922105837,
  "energy": 0.00018153657065704,
  "monthly_views": 10000
}