{
  "grams": 0.48595962560177,
  "litres": 0.2702907437597,
  "energy": 0.00098372393846512,
  "monthly_views": 10000
}