{
  "grams": 0.27005446268152,
  "litres": 0.15020429214346,
  "energy": 0.00054666895279661,
  "monthly_views": 10000
}