{
  "grams": 0.55651552732196,
  "litres": 0.30953393629647,
  "energy": 0.0011265496504493,
  "monthly_views": 10000
}