{
  "grams": 0.060009567123838,
  "litres": 0.033377321234279,
  "energy": 0.00012147685652599,
  "monthly_views": 10000
}