{
  "grams": 1.1939956340231,
  "litres": 0.66410037164365,
  "energy": 0.0029595859721303,
  "monthly_views": 10000
}