{
  "grams": 0.55422965103295,
  "litres": 0.30826253190453,
  "energy": 0.001121922370512,
  "monthly_views": 10000
}