{
  "grams": 0.317717734362,
  "litres": 0.17671460385214,
  "energy": 0.0006431533084251,
  "monthly_views": 10000
}