{
  "grams": 0.32671909474917,
  "litres": 0.18172116049949,
  "energy": 0.0008098465539515,
  "monthly_views": 10000
}