{
  "window": {
    "start_s": 2.2466468811035156,
    "end_s": 759.807
  },
  "energy": {
    "perfetto_j": 568.242818,
    "external_j": 1059.6400600000002,
    "rail_groups": {
      "other": 47.987524,
      "cpu": 101.85737,
      "memory": 63.624217,
      "display": 287.216506,
      "gpu": 5.438507,
      "wifi_bt": 62.118694
    },
    "perfetto_avg_j": 3.892074095890411,
    "external_avg_j": 7.257808630136988,
    "perfetto_stdev_j": 0.16626386045344788,
    "external_stdev_j": 0.21929045963121044
  },
  "correlation": {
    "spearman": 0.37830262950716415
  },
  "calibration": {
    "slope": 0.6296240890494699,
    "intercept": 4.851679304706597,
    "r2": 0.18447789832396252
  },
  "sync": {
    "events": 146,
    "median_interval_s": 5.173900079999996
  },
  "network": {
    "median_page_bytes": 3365550.0,
    "estimated_total_bytes": 491370300.0,
    "valid_measurement_count": 148,
    "coverage": 101.36986301369863,
    "stdev_page_bytes": 0.8718177496688269,
    "cv_page_bytes": 2.5904168699583333e-05
  }
}