{
  "grams": 0.25493175568059,
  "litres": 0.14179304250954,
  "energy": 0.00063190553337336,
  "monthly_views": 10000
}