{
  "grams": 0.15772900696658,
  "litres": 0.08772887367481,
  "energy": 0.00031928948778659,
  "monthly_views": 10000
}