{
  "grams": 1.9625765320915,
  "litres": 1.0915850671493,
  "energy": 0.0051215462737251,
  "monthly_views": 10000
}