{
  "grams": 2.3931572018107,
  "litres": 1.3310740356471,
  "energy": 0.0062451910276897,
  "monthly_views": 10000
}