{
  "grams": 0.049917469158769,
  "litres": 0.027764096346107,
  "energy": 0.00010104750841856,
  "monthly_views": 10000
}