{
  "grams": 0.56550887074694,
  "litres": 0.31453603390945,
  "energy": 0.0011447547990829,
  "monthly_views": 10000
}