{
  "grams": 0.40780424812809,
  "litres": 0.22682072280884,
  "energy": 0.00082551467232406,
  "monthly_views": 10000
}