{
  "grams": 0.2535780422911,
  "litres": 0.14104010712231,
  "energy": 0.00051331587508321,
  "monthly_views": 10000
}