{
  "grams": 0.39764879254159,
  "litres": 0.22117225841163,
  "energy": 0.00080495706992224,
  "monthly_views": 10000
}