{
  "grams": 3.2771627562884,
  "litres": 1.8227579250476,
  "energy": 0.0066339327050373,
  "monthly_views": 10000
}