{
  "grams": 0.59047333669011,
  "litres": 0.32842126986704,
  "energy": 0.0011952901552431,
  "monthly_views": 10000
}