{
  "grams": 0.34070783232152,
  "litres": 0.18950169633723,
  "energy": 0.00084452077746391,
  "monthly_views": 10000
}