{
  "grams": 0.36801963908831,
  "litres": 0.20469252326092,
  "energy": 0.00091221921611577,
  "monthly_views": 10000
}