{
  "grams": 0.6493888385715,
  "litres": 0.36119007201347,
  "energy": 0.0013145523048006,
  "monthly_views": 10000
}