{
  "grams": 0.54366362138651,
  "litres": 0.30238570621518,
  "energy": 0.0011005336465314,
  "monthly_views": 10000
}