{
  "window": {
    "start_s": 2.1724467277526855,
    "end_s": 759.671
  },
  "energy": {
    "perfetto_j": 623.575872,
    "external_j": 1150.5869725000002,
    "rail_groups": {
      "other": 49.390625,
      "cpu": 119.864557,
      "memory": 70.232878,
      "display": 287.266576,
      "gpu": 5.408802,
      "wifi_bt": 91.412434
    },
    "perfetto_avg_j": 4.271067616438356,
    "external_avg_j": 7.880732688356166,
    "perfetto_stdev_j": 0.15322732876188017,
    "external_stdev_j": 0.2505113528591959
  },
  "correlation": {
    "spearman": 0.38286490316485594
  },
  "calibration": {
    "slope": 0.5301333694091428,
    "intercept": 5.629547973735043,
    "r2": 0.16405690716938082
  },
  "sync": {
    "events": 146,
    "median_interval_s": 5.1918198539999985
  },
  "network": {
    "median_page_bytes": 7062548.0,
    "estimated_total_bytes": 1031132008.0,
    "valid_measurement_count": 148,
    "coverage": 101.36986301369863,
    "stdev_page_bytes": 0.7287783288122829,
    "cv_page_bytes": 1.031891505462735e-05
  }
}