{
  "grams": 0.17067719981354,
  "litres": 0.094930658536289,
  "energy": 0.00034550040448084,
  "monthly_views": 10000
}