{
  "grams": 0.016585712287389,
  "litres": 0.0092249731742456,
  "energy": 4.1111407801509e-05,
  "monthly_views": 10000
}