{
  "grams": 0.0010761156531516,
  "litres": 0.00059853552628295,
  "energy": 2.6673940010369e-06,
  "monthly_views": 10000
}