{
  "grams": 1.4582676821035,
  "litres": 0.81108848478599,
  "energy": 0.0036146435150877,
  "monthly_views": 10000
}