{
  "grams": 1.0013627258381,
  "litres": 0.55695794811114,
  "energy": 0.0020270500523038,
  "monthly_views": 10000
}