{
  "grams": 0.96003167327587,
  "litres": 0.53396961667604,
  "energy": 0.0019433839539997,
  "monthly_views": 10000
}