{
  "grams": 0.048238596397452,
  "litres": 0.026830307316263,
  "energy": 9.7648980561644e-05,
  "monthly_views": 10000
}