{
  "grams": 0.34821880192403,
  "litres": 0.19367929763014,
  "energy": 0.0007048963601701,
  "monthly_views": 10000
}