{
  "grams": 0.2289651573068,
  "litres": 0.12735042049404,
  "energy": 0.00056754149543121,
  "monthly_views": 10000
}