{
  "grams": 0.1653118096618,
  "litres": 0.091946428533892,
  "energy": 0.00033463929081336,
  "monthly_views": 10000
}