{
  "grams": 0.14283600607887,
  "litres": 0.079445386581067,
  "energy": 0.00028914171271026,
  "monthly_views": 10000
}