{
  "grams": 0.1235508006094,
  "litres": 0.06871895529895,
  "energy": 0.00025010283524171,
  "monthly_views": 10000
}