{
  "grams": 0.066198397940956,
  "litres": 0.03681954893476,
  "energy": 0.00013400485413149,
  "monthly_views": 10000
}