{
  "window": {
    "start_s": 2.201355457305908,
    "end_s": 759.584
  },
  "energy": {
    "perfetto_j": 554.166684,
    "external_j": 1040.1184515,
    "rail_groups": {
      "other": 47.348366,
      "cpu": 94.217728,
      "memory": 61.911494,
      "display": 286.775134,
      "gpu": 5.179466,
      "wifi_bt": 58.734496
    },
    "perfetto_avg_j": 3.7956622191780824,
    "external_avg_j": 7.1240989828767125,
    "perfetto_stdev_j": 0.10921088885503386,
    "external_stdev_j": 0.18462714737681274
  },
  "correlation": {
    "spearman": 0.30662100456621
  },
  "calibration": {
    "slope": 0.3992112979416614,
    "intercept": 5.625832389224199,
    "r2": 0.10018490545933875
  },
  "sync": {
    "events": 146,
    "median_interval_s": 5.176748462999967
  },
  "network": {
    "median_page_bytes": 2729897.0,
    "estimated_total_bytes": 398564962.0,
    "valid_measurement_count": 148,
    "coverage": 101.36986301369863,
    "stdev_page_bytes": 0.971628225375901,
    "cv_page_bytes": 3.5592120339188654e-05
  }
}