{
  "grams": 0.00066149837658741,
  "litres": 0.00036792539705792,
  "energy": 1.6396720893681e-06,
  "monthly_views": 10000
}