{
  "grams": 0.8854577729255,
  "litres": 0.49249161330116,
  "energy": 0.0017924246415496,
  "monthly_views": 10000
}