{
  "grams": 0.050506236528978,
  "litres": 0.028091568757417,
  "energy": 0.00010223934520036,
  "monthly_views": 10000
}