{
  "grams": 0.048552261779737,
  "litres": 0.02700476800189,
  "energy": 0.00012034767027944,
  "monthly_views": 10000
}