{
  "grams": 1.4553298788154,
  "litres": 0.80945447859715,
  "energy": 0.0029460119004361,
  "monthly_views": 10000
}