{
  "grams": 0.70240796202496,
  "litres": 0.39067930847828,
  "energy": 0.0017410756722093,
  "monthly_views": 10000
}