{
  "grams": 1.5436047605937,
  "litres": 0.85855296784224,
  "energy": 0.0031247059931047,
  "monthly_views": 10000
}