{
  "grams": 0.12227968832944,
  "litres": 0.068011962648832,
  "energy": 0.0002475297334604,
  "monthly_views": 10000
}