{
  "grams": 0.30303168781009,
  "litres": 0.16854622475997,
  "energy": 0.00061342446925119,
  "monthly_views": 10000
}