{
  "grams": 0.0011179007686675,
  "litres": 0.00062177640753284,
  "energy": 2.7709677815437e-06,
  "monthly_views": 10000
}