{
  "grams": 1.01804808049,
  "litres": 0.56623834236852,
  "energy": 0.0020608260738663,
  "monthly_views": 10000
}