{
  "grams": 0.00014432616066188,
  "litres": 8.0274210560136e-05,
  "energy": 2.9215821996331e-07,
  "monthly_views": 10000
}