{
  "grams": 0.1976366180202,
  "litres": 0.10992548694283,
  "energy": 0.00048988668434322,
  "monthly_views": 10000
}