{
  "grams": 0.36009710546304,
  "litres": 0.20028601005854,
  "energy": 0.00072894150903448,
  "monthly_views": 10000
}