{
  "grams": 1.0386414957941,
  "litres": 0.57769239996065,
  "energy": 0.0021025131493807,
  "monthly_views": 10000
}