{
  "grams": 0.55432385381218,
  "litres": 0.30831492749033,
  "energy": 0.0011221130643971,
  "monthly_views": 10000
}