{
  "grams": 0.21526450065617,
  "litres": 0.11973011526496,
  "energy": 0.00043575809849426,
  "monthly_views": 10000
}