{
  "grams": 0.31518488839734,
  "litres": 0.1753058349266,
  "energy": 0.00063802608987316,
  "monthly_views": 10000
}