{
  "grams": 0.42337271628901,
  "litres": 0.23547990479995,
  "energy": 0.00085702979005873,
  "monthly_views": 10000
}