{
  "grams": 0.4635121662179,
  "litres": 0.2578054668504,
  "energy": 0.0009382837372832,
  "monthly_views": 10000
}