{
  "grams": 0.67421272979211,
  "litres": 0.37499712031037,
  "energy": 0.0013648030967452,
  "monthly_views": 10000
}