{
  "grams": 2.8085980281746,
  "litres": 1.5621422232707,
  "energy": 0.0069617401342839,
  "monthly_views": 10000
}