{
  "grams": 0.6364455434354,
  "litres": 0.35399101125877,
  "energy": 0.0012883513025008,
  "monthly_views": 10000
}