{
  "grams": 0.70190397020895,
  "litres": 0.39039898823022,
  "energy": 0.0014208582392894,
  "monthly_views": 10000
}