{
  "grams": 0.094799987339415,
  "litres": 0.052727752958182,
  "energy": 0.00019190280837938,
  "monthly_views": 10000
}