{
  "grams": 1.4841876080716,
  "litres": 0.82550514760943,
  "energy": 0.0030044283564202,
  "monthly_views": 10000
}