{
  "grams": 0.86368088310398,
  "litres": 0.48037930718243,
  "energy": 0.0017483418686315,
  "monthly_views": 10000
}