{
  "grams": 0.2049001108082,
  "litres": 0.11396544163152,
  "energy": 0.00041477755224332,
  "monthly_views": 10000
}