{
  "grams": 0.21037575155776,
  "litres": 0.11701099301643,
  "energy": 0.00042586184525862,
  "monthly_views": 10000
}