{
  "grams": 0.68234751492273,
  "litres": 0.37952168780002,
  "energy": 0.0013812702731229,
  "monthly_views": 10000
}