{
  "window": {
    "start_s": 2.279935836791992,
    "end_s": 809.488
  },
  "energy": {
    "perfetto_j": 1461.143319,
    "external_j": 2359.025424499997,
    "rail_groups": {
      "other": 70.421766,
      "cpu": 457.226017,
      "memory": 190.096636,
      "display": 489.44821,
      "gpu": 5.326334,
      "wifi_bt": 248.624356
    },
    "perfetto_avg_j": 14.759023424242425,
    "external_avg_j": 23.82853964141411,
    "perfetto_stdev_j": 0.29265152969754227,
    "external_stdev_j": 0.9251997576844238
  },
  "correlation": {
    "spearman": 0.5598314302290738
  },
  "calibration": {
    "slope": 0.7759040433566657,
    "intercept": 12.642041603370526,
    "r2": 0.3408540456927513
  },
  "sync": {
    "events": 99,
    "median_interval_s": 8.10473811
  },
  "network": {
    "median_page_bytes": 11410962.5,
    "estimated_total_bytes": 1129685287.5,
    "valid_measurement_count": 98,
    "coverage": 98.98989898989899,
    "stdev_page_bytes": 663811.3724022344,
    "cv_page_bytes": 5.817312714876018
  }
}