{
  "grams": 0.29590364277922,
  "litres": 0.1645816061138,
  "energy": 0.00059899522829801,
  "monthly_views": 10000
}