{
  "grams": 0.74686495597009,
  "litres": 0.41540628851056,
  "energy": 0.0015118723805062,
  "monthly_views": 10000
}