{
  "grams": 0.2884840971129,
  "litres": 0.1604548548142,
  "energy": 0.00071507253684103,
  "monthly_views": 10000
}