{
  "grams": 1.545957016496,
  "litres": 0.85986129257507,
  "energy": 0.0031294676447287,
  "monthly_views": 10000
}