{
  "grams": 0.0010762007552199,
  "litres": 0.00059858286005331,
  "energy": 2.6676049456e-06,
  "monthly_views": 10000
}