{
  "grams": 0.025506027717143,
  "litres": 0.014186452616275,
  "energy": 5.1631635054946e-05,
  "monthly_views": 10000
}