{
  "grams": 0.46208595488906,
  "litres": 0.25701220810929,
  "energy": 0.0012058610513806,
  "monthly_views": 10000
}