{
  "grams": 0.19495879634032,
  "litres": 0.10843608252449,
  "energy": 0.00048324910271913,
  "monthly_views": 10000
}