{
  "grams": 0.0010781581027899,
  "litres": 0.00059967153677174,
  "energy": 2.6724566705525e-06,
  "monthly_views": 10000
}