{
  "grams": 0.16509333181125,
  "litres": 0.091824911153418,
  "energy": 0.00040922085056081,
  "monthly_views": 10000
}