{
  "grams": 0.46285712865139,
  "litres": 0.25744113495591,
  "energy": 0.0011472952044569,
  "monthly_views": 10000
}