{
  "grams": 1.0371900516985,
  "litres": 0.57688510675468,
  "energy": 0.0027066546234302,
  "monthly_views": 10000
}