{
  "grams": 0.47209070305764,
  "litres": 0.26257684904066,
  "energy": 0.0011701826895587,
  "monthly_views": 10000
}