{
  "grams": 0.43470674868207,
  "litres": 0.24178389361697,
  "energy": 0.00087997317546979,
  "monthly_views": 10000
}