{
  "window": {
    "start_s": 2.241888999938965,
    "end_s": 809.608
  },
  "energy": {
    "perfetto_j": 1400.073305,
    "external_j": 2262.7712949999986,
    "rail_groups": {
      "other": 70.093335,
      "cpu": 416.092024,
      "memory": 175.324629,
      "display": 499.360285,
      "gpu": 4.597782,
      "wifi_bt": 234.60525
    },
    "perfetto_avg_j": 14.142154595959594,
    "external_avg_j": 22.856275707070694,
    "perfetto_stdev_j": 0.36182138290647303,
    "external_stdev_j": 1.0358125657655413
  },
  "correlation": {
    "spearman": 0.4423298841560991
  },
  "calibration": {
    "slope": 0.8511945305679428,
    "intercept": 11.455750775608745,
    "r2": 0.3559418145483115
  },
  "sync": {
    "events": 99,
    "median_interval_s": 8.139767128999996
  },
  "network": {
    "median_page_bytes": 11090288.0,
    "estimated_total_bytes": 1097938512.0,
    "valid_measurement_count": 95,
    "coverage": 95.95959595959596,
    "stdev_page_bytes": 1025131.7084459241,
    "cv_page_bytes": 9.24350845032991
  }
}