{
  "grams": 0.68245286780968,
  "litres": 0.37958028507575,
  "energy": 0.0013814835380763,
  "monthly_views": 10000
}