{
  "window": {
    "start_s": 2.372222661972046,
    "end_s": 809.71
  },
  "energy": {
    "perfetto_j": 966.126697,
    "external_j": 1590.2496295000005,
    "rail_groups": {
      "other": 62.525251,
      "cpu": 159.088444,
      "memory": 84.329011,
      "display": 474.977985,
      "gpu": 4.460837,
      "wifi_bt": 180.745169
    },
    "perfetto_avg_j": 9.85843568367347,
    "external_avg_j": 16.22703703571429,
    "perfetto_stdev_j": 0.179209319620063,
    "external_stdev_j": 0.5106321961842807
  },
  "correlation": {
    "spearman": 0.25808699768567217
  },
  "calibration": {
    "slope": 0.6877832668593623,
    "intercept": 9.563739549113542,
    "r2": 0.12852387928714973
  },
  "sync": {
    "events": 98,
    "median_interval_s": 8.184949114000005
  },
  "website_carbon": {
    "grams": 1.9999807276132,
    "litres": 1.1123892806985,
    "energy_kwh": 0.004957400795538,
    "energy_j": 17846.6428639368,
    "monthly_views": 10000
  },
  "network": {
    "median_page_bytes": 23533603.0,
    "estimated_total_bytes": 2306293094.0,
    "valid_measurement_count": 98,
    "coverage": 100.0,
    "stdev_page_bytes": 1860905.3030444328,
    "cv_page_bytes": 7.907439005597369
  }
}