{
  "grams": 9.7537390887737e-05,
  "litres": 5.4250296811759e-05,
  "energy": 1.9744411110878e-07,
  "monthly_views": 10000
}