{
  "grams": 0.42568370637204,
  "litres": 0.23676527748413,
  "energy": 0.00086170790763572,
  "monthly_views": 10000
}