{
  "grams": 0.053785618677735,
  "litres": 0.029915561108556,
  "energy": 0.0001088777706027,
  "monthly_views": 10000
}