{
  "grams": 0.41197376317531,
  "litres": 0.22913980707811,
  "energy": 0.00083395498618484,
  "monthly_views": 10000
}