{
  "grams": 1.165127900932,
  "litres": 0.64804413849837,
  "energy": 0.0023585585039109,
  "monthly_views": 10000
}