{
  "grams": 0.25662316797115,
  "litres": 0.14273380602555,
  "energy": 0.00051948009710759,
  "monthly_views": 10000
}