{
  "grams": 1.5559587673265,
  "litres": 0.86542426638703,
  "energy": 0.0031497141038999,
  "monthly_views": 10000
}