{
  "grams": 0.00044954733364284,
  "litres": 0.00025003822697215,
  "energy": 9.1001484543085e-07,
  "monthly_views": 10000
}