{
  "grams": 0.32125102634691,
  "litres": 0.17867982085415,
  "energy": 0.00072681227680296,
  "monthly_views": 10000
}