{
  "grams": 0.30446953067277,
  "litres": 0.16934595296019,
  "energy": 0.00061633508233353,
  "monthly_views": 10000
}