{
  "grams": 0.25556171939895,
  "litres": 0.14214342832969,
  "energy": 0.00051733141578734,
  "monthly_views": 10000
}