{
  "grams": 4.0142940850463,
  "litres": 2.2327503701027,
  "energy": 0.0081261013867334,
  "monthly_views": 10000
}