{
  "grams": 0.66302187728696,
  "litres": 0.368772768147,
  "energy": 0.0013421495491639,
  "monthly_views": 10000
}