{
  "window": {
    "start_s": 2.338656187057495,
    "end_s": 809.706
  },
  "energy": {
    "perfetto_j": 750.962379,
    "external_j": 1339.925572500001,
    "rail_groups": {
      "other": 59.779934,
      "cpu": 183.316947,
      "memory": 105.949174,
      "display": 340.090597,
      "gpu": 10.35982,
      "wifi_bt": 51.465907
    },
    "perfetto_avg_j": 7.6628814183673475,
    "external_avg_j": 13.672709923469398,
    "perfetto_stdev_j": 0.13285680326573135,
    "external_stdev_j": 0.186305873413828
  },
  "correlation": {
    "spearman": 0.4212076583210603
  },
  "calibration": {
    "slope": 0.39201290217496515,
    "intercept": 10.634518893793722,
    "r2": 0.13312823251580186
  },
  "sync": {
    "events": 98,
    "median_interval_s": 8.182962357999997
  },
  "website_carbon": {
    "grams": 3.1913275597617e-05,
    "litres": 1.7750163887395e-05,
    "energy_kwh": 7.9104211181402e-08,
    "energy_j": 0.28477516025304717,
    "monthly_views": 10000
  },
  "network": {
    "median_page_bytes": 1304637.0,
    "estimated_total_bytes": 127854426.0,
    "valid_measurement_count": 99,
    "coverage": 101.0204081632653,
    "stdev_page_bytes": 9715.26274192893,
    "cv_page_bytes": 0.7446717164950043
  }
}