{
  "grams": 0.1193494382841,
  "litres": 0.066382157573619,
  "energy": 0.00029583435086533,
  "monthly_views": 10000
}