{
  "window": {
    "start_s": 2.389061689376831,
    "end_s": 759.644
  },
  "energy": {
    "perfetto_j": 670.458051,
    "external_j": 1128.5223895000008,
    "rail_groups": {
      "other": 46.365521,
      "cpu": 47.973691,
      "memory": 48.591052,
      "display": 491.383589,
      "gpu": 2.69582,
      "wifi_bt": 33.448378
    },
    "perfetto_avg_j": 4.592178431506849,
    "external_avg_j": 7.729605407534252,
    "perfetto_stdev_j": 0.1061949716008632,
    "external_stdev_j": 0.12150432755866543
  },
  "correlation": {
    "spearman": 0.34356006928042826
  },
  "calibration": {
    "slope": 0.19433852115636063,
    "intercept": 6.817140532070138,
    "r2": 0.09882530022757792
  },
  "sync": {
    "events": 146,
    "median_interval_s": 5.173936550000008
  },
  "network": {
    "median_page_bytes": 129586.0,
    "estimated_total_bytes": 18919556.0,
    "valid_measurement_count": 148,
    "coverage": 101.36986301369863,
    "stdev_page_bytes": 0.3403382373905639,
    "cv_page_bytes": 0.00026263503572188654
  }
}