{
  "grams": 3.6616652592095,
  "litres": 2.0366182171723,
  "energy": 0.0074122778526507,
  "monthly_views": 10000
}