{
  "grams": 1.0193352405885,
  "litres": 0.56695426081534,
  "energy": 0.0020634316611104,
  "monthly_views": 10000
}