{
  "grams": 0.47534670297895,
  "litres": 0.26438783619689,
  "energy": 0.00096224028943107,
  "monthly_views": 10000
}