{
  "grams": 0.0086482423807494,
  "litres": 0.0048101524121728,
  "energy": 2.1436608396471e-05,
  "monthly_views": 10000
}