{
  "grams": 0.1106859730538,
  "litres": 0.061563538212522,
  "energy": 0.00022406067419797,
  "monthly_views": 10000
}