{
  "grams": 0.27194680790235,
  "litres": 0.15125681455529,
  "energy": 0.00067408115649596,
  "monthly_views": 10000
}