{
  "grams": 0.54040237118863,
  "litres": 0.30057179885511,
  "energy": 0.001093931925483,
  "monthly_views": 10000
}