{
  "grams": 0.40380337075431,
  "litres": 0.22459543481355,
  "energy": 0.0010537666251417,
  "monthly_views": 10000
}