{
  "grams": 0.33712009932781,
  "litres": 0.18750619924613,
  "energy": 0.00083562777657062,
  "monthly_views": 10000
}