{
  "grams": 0.029201402669773,
  "litres": 0.016241820164927,
  "energy": 5.9112151153386e-05,
  "monthly_views": 10000
}