{
  "grams": 0.13449672652982,
  "litres": 0.074807079295887,
  "energy": 0.0003509831068106,
  "monthly_views": 10000
}