{
  "grams": 0.14262970477119,
  "litres": 0.079330641793736,
  "energy": 0.00035353971272707,
  "monthly_views": 10000
}