{
  "grams": 0.61285452066734,
  "litres": 0.34086968439518,
  "energy": 0.0012405961956829,
  "monthly_views": 10000
}