{
  "grams": 1.1486120904414,
  "litres": 0.63885804470351,
  "energy": 0.0023251256891526,
  "monthly_views": 10000
}