{
  "grams": 0.76584608653933,
  "litres": 0.42596359333317,
  "energy": 0.0015502957217395,
  "monthly_views": 10000
}