{
  "grams": 0.9089434428066,
  "litres": 0.50555434288903,
  "energy": 0.0018399664834142,
  "monthly_views": 10000
}