{
  "grams": 2.5027815332274,
  "litres": 1.3920470887811,
  "energy": 0.0062037053620443,
  "monthly_views": 10000
}