{
  "grams": 0.38382901557349,
  "litres": 0.21348569846197,
  "energy": 0.00077698181290179,
  "monthly_views": 10000
}