{
  "grams": 0.46709124658909,
  "litres": 0.25979615135285,
  "energy": 0.00094552883924916,
  "monthly_views": 10000
}