{
  "grams": 0.27581594217382,
  "litres": 0.15340882703708,
  "energy": 0.00055833186674863,
  "monthly_views": 10000
}