{
  "grams": 7.9405440017581e-05,
  "litres": 4.4165305737779e-05,
  "energy": 1.6073975712061e-07,
  "monthly_views": 10000
}