{
  "grams": 0.28110807507578,
  "litres": 0.15635231135715,
  "energy": 0.00056904468638822,
  "monthly_views": 10000
}