{
  "grams": 0.007605519737117,
  "litres": 0.0042301900777845,
  "energy": 1.5395788941532e-05,
  "monthly_views": 10000
}