{
  "grams": 0.39161908522435,
  "litres": 0.21781853520178,
  "energy": 0.00079275118466467,
  "monthly_views": 10000
}