{
  "grams": 0.31055497810794,
  "litres": 0.17273067882364,
  "energy": 0.00076978016551584,
  "monthly_views": 10000
}