{
  "window": {
    "start_s": 2.282633066177368,
    "end_s": 809.69
  },
  "energy": {
    "perfetto_j": 1040.971614,
    "external_j": 1797.5935380000008,
    "rail_groups": {
      "other": 71.445801,
      "cpu": 266.947603,
      "memory": 156.714534,
      "display": 451.48303,
      "gpu": 21.265676,
      "wifi_bt": 73.11497
    },
    "perfetto_avg_j": 10.514864787878789,
    "external_avg_j": 18.157510484848494,
    "perfetto_stdev_j": 0.24053425887142008,
    "external_stdev_j": 0.5173411096184811
  },
  "correlation": {
    "spearman": 0.4425976576197489
  },
  "calibration": {
    "slope": 0.7244057277580365,
    "intercept": 10.8555086919257,
    "r2": 0.2921833761192048
  },
  "sync": {
    "events": 99,
    "median_interval_s": 8.177838906500028
  },
  "website_carbon": {
    "grams": 0.47832681241562,
    "litres": 0.26604537306557,
    "energy_kwh": 0.0011856402852573,
    "energy_j": 4268.305026926279,
    "monthly_views": 10000
  },
  "network": {
    "median_page_bytes": 1561829.0,
    "estimated_total_bytes": 154621071.0,
    "valid_measurement_count": 28,
    "coverage": 28.28282828282828,
    "stdev_page_bytes": 265.9351151121932,
    "cv_page_bytes": 0.017027159510560583
  }
}