{
  "window": {
    "start_s": 2.352169990539551,
    "end_s": 809.663
  },
  "energy": {
    "perfetto_j": 620.688569,
    "external_j": 1151.0715500000003,
    "rail_groups": {
      "other": 59.330811,
      "cpu": 87.837805,
      "memory": 73.739315,
      "display": 339.981901,
      "gpu": 9.211078,
      "wifi_bt": 50.587659
    },
    "perfetto_avg_j": 6.333556826530613,
    "external_avg_j": 11.745628061224494,
    "perfetto_stdev_j": 0.13821042650100013,
    "external_stdev_j": 0.1914794294547282
  },
  "correlation": {
    "spearman": 0.37812960235640647
  },
  "calibration": {
    "slope": 0.407090342546997,
    "intercept": 9.15758235221538,
    "r2": 0.15179078379044023
  },
  "sync": {
    "events": 98,
    "median_interval_s": 8.18694071199991
  },
  "website_carbon": {
    "grams": 3.1913275597617e-05,
    "litres": 1.7750163887395e-05,
    "energy_kwh": 7.9104211181402e-08,
    "energy_j": 0.28477516025304717,
    "monthly_views": 10000
  },
  "network": {
    "median_page_bytes": 493924.0,
    "estimated_total_bytes": 48404552.0,
    "valid_measurement_count": 99,
    "coverage": 101.0204081632653,
    "stdev_page_bytes": 1259.235130544377,
    "cv_page_bytes": 0.25494511919736174
  }
}