{
  "grams": 0.29857352044154,
  "litres": 0.16606659206958,
  "energy": 0.00060439983895049,
  "monthly_views": 10000
}