{
  "grams": 0.255597358061,
  "litres": 0.14216325055353,
  "energy": 0.00051740355882794,
  "monthly_views": 10000
}