{
  "grams": 0.17521690364736,
  "litres": 0.097455641808662,
  "energy": 0.00043431439390406,
  "monthly_views": 10000
}