{
  "grams": 2.1879794895099,
  "litres": 1.2169541920654,
  "energy": 0.0044291082783602,
  "monthly_views": 10000
}