{
  "grams": 0.057315562156774,
  "litres": 0.031878915671598,
  "energy": 0.00014206947572529,
  "monthly_views": 10000
}