{
  "grams": 0.2150871409988,
  "litres": 0.11963146782353,
  "energy": 0.00043539907084778,
  "monthly_views": 10000
}