{
  "grams": 0.61640890407097,
  "litres": 0.34284663244427,
  "energy": 0.0012477913037874,
  "monthly_views": 10000
}