{
  "grams": 0.26459059727937,
  "litres": 0.14716529020679,
  "energy": 0.00053560849651694,
  "monthly_views": 10000
}