{
  "grams": 0.12275292530004,
  "litres": 0.068275177051882,
  "energy": 0.00030427065677941,
  "monthly_views": 10000
}