{
  "grams": 0.49973938723002,
  "litres": 0.27795504717733,
  "energy": 0.0010116181927733,
  "monthly_views": 10000
}