{
  "grams": 0.068587126158178,
  "litres": 0.038148159569179,
  "energy": 0.00013884033635259,
  "monthly_views": 10000
}