{
  "grams": 0.10509569287119,
  "litres": 0.058454224374953,
  "energy": 0.00026050324598327,
  "monthly_views": 10000
}