{
  "grams": 0.042164497062564,
  "litres": 0.023451893266198,
  "energy": 8.535323292017e-05,
  "monthly_views": 10000
}