{
  "grams": 0.28053410504479,
  "litres": 0.15603306922591,
  "energy": 0.00056788280373439,
  "monthly_views": 10000
}