{
  "grams": 0.048382714144886,
  "litres": 0.026910465607385,
  "energy": 9.7940716892481e-05,
  "monthly_views": 10000
}