{
  "grams": 0.88873569618166,
  "litres": 0.49431479421624,
  "energy": 0.001799060113728,
  "monthly_views": 10000
}