{
  "grams": 0.32281384593877,
  "litres": 0.17954906111114,
  "energy": 0.00080016651889309,
  "monthly_views": 10000
}