{
  "grams": 0.39599515688545,
  "litres": 0.22025250625969,
  "energy": 0.00098156281141564,
  "monthly_views": 10000
}