{
  "grams": 1.0797946676658,
  "litres": 0.60058179415574,
  "energy": 0.0021858191653155,
  "monthly_views": 10000
}