{
  "grams": 5.2167567843571e-05,
  "litres": 2.9015601234594e-05,
  "energy": 1.293090172112e-07,
  "monthly_views": 10000
}