{
  "grams": 0.22030361989886,
  "litres": 0.12253287338774,
  "energy": 0.00044595874473453,
  "monthly_views": 10000
}