{
  "grams": 0.15470659832843,
  "litres": 0.086047809990271,
  "energy": 0.00031317125167698,
  "monthly_views": 10000
}