{
  "grams": 0.90358076202683,
  "litres": 0.50257161983932,
  "energy": 0.0018291108543053,
  "monthly_views": 10000
}