{
  "grams": 1.020555708454,
  "litres": 0.56763308504211,
  "energy": 0.002065902243834,
  "monthly_views": 10000
}