{
  "grams": 1.0459595094826,
  "litres": 0.58176267917423,
  "energy": 0.0021173269422725,
  "monthly_views": 10000
}