{
  "grams": 0.38479271834157,
  "litres": 0.21402170994158,
  "energy": 0.00077893262822181,
  "monthly_views": 10000
}