{
  "grams": 0.31474649117142,
  "litres": 0.17506199838954,
  "energy": 0.00063713864609599,
  "monthly_views": 10000
}