{
  "grams": 0.13538564999029,
  "litres": 0.0753014985246,
  "energy": 0.00027406002022326,
  "monthly_views": 10000
}