{
  "grams": 0.25554942649202,
  "litres": 0.14213659101486,
  "energy": 0.0006334365690127,
  "monthly_views": 10000
}