{
  "grams": 0.39522609296814,
  "litres": 0.21982475290888,
  "energy": 0.00080005281977355,
  "monthly_views": 10000
}