{
  "window": {
    "start_s": 2.2309677600860596,
    "end_s": 759.578
  },
  "energy": {
    "perfetto_j": 282.985475,
    "external_j": 700.1859390000003,
    "rail_groups": {
      "other": 47.039626,
      "cpu": 55.119599,
      "memory": 51.477066,
      "display": 96.893704,
      "gpu": 3.449529,
      "wifi_bt": 29.005951
    },
    "perfetto_avg_j": 1.9250712585034013,
    "external_avg_j": 4.763169653061227,
    "perfetto_stdev_j": 0.06882681963672586,
    "external_stdev_j": 0.11690738789458445
  },
  "correlation": {
    "spearman": 0.1344008174833467
  },
  "calibration": {
    "slope": 0.2888478417948849,
    "intercept": 4.2092020933507674,
    "r2": 0.036365947668584885
  },
  "sync": {
    "events": 147,
    "median_interval_s": 5.149566177500024
  },
  "network": {
    "median_page_bytes": 529.0,
    "estimated_total_bytes": 77763.0,
    "valid_measurement_count": 147,
    "coverage": 100.0,
    "stdev_page_bytes": 0.0,
    "cv_page_bytes": 0.0
  }
}