{
  "grams": 0.15809018709138,
  "litres": 0.087929762060226,
  "energy": 0.00032002062164247,
  "monthly_views": 10000
}