{
  "grams": 0.26390866919607,
  "litres": 0.14678600180685,
  "energy": 0.00053422807529569,
  "monthly_views": 10000
}