{
  "grams": 1.5553149319711,
  "litres": 0.86506616516231,
  "energy": 0.0038551968899556,
  "monthly_views": 10000
}