{
  "grams": 5.9787554932293,
  "litres": 3.3253838053341,
  "energy": 0.01210274391342,
  "monthly_views": 10000
}