{
  "grams": 0.0010692223856226,
  "litres": 0.00059470149088327,
  "energy": 2.6503074914217e-06,
  "monthly_views": 10000
}