{
  "grams": 0.15854900881369,
  "litres": 0.088184958702173,
  "energy": 0.00032094941055402,
  "monthly_views": 10000
}