{
  "grams": 1.1207110421826,
  "litres": 0.62333948166196,
  "energy": 0.0029246112791821,
  "monthly_views": 10000
}