{
  "grams": 0.43698647678085,
  "litres": 0.24305187838551,
  "energy": 0.00088458800967783,
  "monthly_views": 10000
}