{
  "grams": 0.10148041889202,
  "litres": 0.056443408987741,
  "energy": 0.00022959370790049,
  "monthly_views": 10000
}