{
  "grams": 0.25893478676742,
  "litres": 0.14401952840004,
  "energy": 0.00064182794373482,
  "monthly_views": 10000
}