{
  "grams": 0.39575535836164,
  "litres": 0.22011913032074,
  "energy": 0.0008011242072098,
  "monthly_views": 10000
}