{
  "window": {
    "start_s": 2.1535098552703857,
    "end_s": 809.702
  },
  "energy": {
    "perfetto_j": 943.021881,
    "external_j": 1693.540304999998,
    "rail_groups": {
      "other": 70.112437,
      "cpu": 393.370604,
      "memory": 164.886635,
      "display": 160.363741,
      "gpu": 8.128091,
      "wifi_bt": 146.160373
    },
    "perfetto_avg_j": 9.525473545454545,
    "external_avg_j": 17.106467727272708,
    "perfetto_stdev_j": 0.6707499499951491,
    "external_stdev_j": 2.2789784329105838
  },
  "correlation": {
    "spearman": 0.7466225478007509
  },
  "calibration": {
    "slope": 1.2839291453170847,
    "intercept": 5.884804532800521,
    "r2": 0.6768303065798993
  },
  "sync": {
    "events": 99,
    "median_interval_s": 8.116511202500007
  },
  "website_carbon": {
    "grams": 0.74233146979758,
    "litres": 0.41288476350141,
    "energy_kwh": 0.0018400350403972,
    "energy_j": 6624.12614542992,
    "monthly_views": 10000
  },
  "network": {
    "median_page_bytes": 2447351.0,
    "estimated_total_bytes": 242287749.0,
    "valid_measurement_count": 99,
    "coverage": 100.0,
    "stdev_page_bytes": 233391.12182699487,
    "cv_page_bytes": 9.536479312815974
  }
}