{
  "grams": 0.072175376711413,
  "litres": 0.040143944526888,
  "energy": 0.00014610400144011,
  "monthly_views": 10000
}