{
  "grams": 0.26118990647425,
  "litres": 0.14527382598098,
  "energy": 0.00064741776371375,
  "monthly_views": 10000
}