{
  "grams": 0.71018516563252,
  "litres": 0.39500498912481,
  "energy": 0.0014376217927784,
  "monthly_views": 10000
}