{
  "grams": 0.14725790954567,
  "litres": 0.081904849289304,
  "energy": 0.00029809293430299,
  "monthly_views": 10000
}