{
  "grams": 1.1390373140551,
  "litres": 0.63353255407743,
  "energy": 0.0028233594498597,
  "monthly_views": 10000
}