{
  "grams": 1.2378219139623,
  "litres": 0.6884765485458,
  "energy": 0.0025057123764418,
  "monthly_views": 10000
}