{
  "grams": 0.17566525781527,
  "litres": 0.097705016396854,
  "energy": 0.00035559768788517,
  "monthly_views": 10000
}