{
  "grams": 0.41336831861045,
  "litres": 0.22991545881113,
  "energy": 0.00102462608926,
  "monthly_views": 10000
}