{
  "grams": 0.059829477253184,
  "litres": 0.033277155248221,
  "energy": 0.00014830077812076,
  "monthly_views": 10000
}