{
  "grams": 0.074141755521297,
  "litres": 0.041237644420946,
  "energy": 0.00015008452534676,
  "monthly_views": 10000
}