{
  "grams": 0.33513245542152,
  "litres": 0.18640067170545,
  "energy": 0.00083070095535368,
  "monthly_views": 10000
}