{
  "grams": 0.042583616064861,
  "litres": 0.023685007255276,
  "energy": 8.6201651953161e-05,
  "monthly_views": 10000
}