{
  "grams": 0.39050980581623,
  "litres": 0.21720155399498,
  "energy": 0.00079050567978993,
  "monthly_views": 10000
}