{
  "grams": 0.56082436661236,
  "litres": 0.31193051270979,
  "energy": 0.001135271997191,
  "monthly_views": 10000
}