{
  "window": {
    "start_s": 2.2040836811065674,
    "end_s": 759.717
  },
  "energy": {
    "perfetto_j": 707.409215,
    "external_j": 1180.0334800000005,
    "rail_groups": {
      "other": 47.778512,
      "cpu": 55.641953,
      "memory": 51.695423,
      "display": 519.267197,
      "gpu": 3.498152,
      "wifi_bt": 29.527978
    },
    "perfetto_avg_j": 4.812307585034014,
    "external_avg_j": 8.027438639455786,
    "perfetto_stdev_j": 0.16570870573896468,
    "external_stdev_j": 0.14342483876043904
  },
  "correlation": {
    "spearman": 0.13918438605309125
  },
  "calibration": {
    "slope": 0.19408182484007216,
    "intercept": 7.117018757469776,
    "r2": 0.08130795989938308
  },
  "sync": {
    "events": 147,
    "median_interval_s": 5.162371949499999
  },
  "network": {
    "median_page_bytes": 530.0,
    "estimated_total_bytes": 77910.0,
    "valid_measurement_count": 147,
    "coverage": 100.0,
    "stdev_page_bytes": 0.0,
    "cv_page_bytes": 0.0
  }
}