{
  "grams": 0.38333384137382,
  "litres": 0.21321028257212,
  "energy": 0.00095017890119925,
  "monthly_views": 10000
}