{
  "grams": 0.63598943108507,
  "litres": 0.35373732156951,
  "energy": 0.0012874279981479,
  "monthly_views": 10000
}