{
  "grams": 1.2062149016038,
  "litres": 0.67089672827201,
  "energy": 0.0024417305700481,
  "monthly_views": 10000
}