{
  "grams": 0.19215803864412,
  "litres": 0.10687830109386,
  "energy": 0.00038898388389498,
  "monthly_views": 10000
}