{
  "window": {
    "start_s": 2.2280659675598145,
    "end_s": 759.638
  },
  "energy": {
    "perfetto_j": 550.244946,
    "external_j": 1082.3726050000002,
    "rail_groups": {
      "other": 48.092344,
      "cpu": 139.735561,
      "memory": 74.684705,
      "display": 226.218307,
      "gpu": 5.921008,
      "wifi_bt": 55.593021
    },
    "perfetto_avg_j": 3.7688010000000003,
    "external_avg_j": 7.413510993150687,
    "perfetto_stdev_j": 0.1401457559692676,
    "external_stdev_j": 0.279162033379246
  },
  "correlation": {
    "spearman": 0.2535388127853881
  },
  "calibration": {
    "slope": 0.5683214879196189,
    "intercept": 5.171255931107506,
    "r2": 0.08310417024791149
  },
  "sync": {
    "events": 146,
    "median_interval_s": 5.1639800650000325
  },
  "network": {
    "median_page_bytes": 2729897.0,
    "estimated_total_bytes": 398564962.0,
    "valid_measurement_count": 148,
    "coverage": 101.36986301369863,
    "stdev_page_bytes": 1.2958097856366002,
    "cv_page_bytes": 4.7467350806151304e-05
  }
}