{
  "grams": 0.44811376325134,
  "litres": 0.2492408751204,
  "energy": 0.00090711288107559,
  "monthly_views": 10000
}