{
  "grams": 0.3225455225911,
  "litres": 0.17939981966517,
  "energy": 0.00065292615909129,
  "monthly_views": 10000
}