{
  "grams": 0.34132074089069,
  "litres": 0.1898425960834,
  "energy": 0.00069093267386779,
  "monthly_views": 10000
}