{
  "grams": 0.26927562244702,
  "litres": 0.14977110120503,
  "energy": 0.00054509235313162,
  "monthly_views": 10000
}