{
  "grams": 0.30583015643433,
  "litres": 0.17010273300877,
  "energy": 0.00061908938549459,
  "monthly_views": 10000
}