{
  "grams": 0.22926945277769,
  "litres": 0.12751966963495,
  "energy": 0.00046410820400342,
  "monthly_views": 10000
}