{
  "grams": 1.0485496690851,
  "litres": 0.58320332594512,
  "energy": 0.0021225701803342,
  "monthly_views": 10000
}