{
  "grams": 0.57043190382142,
  "litres": 0.31727422490547,
  "energy": 0.0011547204530798,
  "monthly_views": 10000
}