{
  "grams": 0.088513931751251,
  "litres": 0.049231448840046,
  "energy": 0.00017917799949646,
  "monthly_views": 10000
}