{
  "grams": 0.51123150105681,
  "litres": 0.2843469608878,
  "energy": 0.0010348815810867,
  "monthly_views": 10000
}