{
  "grams": 0.21105267772358,
  "litres": 0.11738749934985,
  "energy": 0.00042723214114085,
  "monthly_views": 10000
}