{
  "grams": 0.44451728037558,
  "litres": 0.2472405113449,
  "energy": 0.00089983255136758,
  "monthly_views": 10000
}