{
  "grams": 0.22456379470043,
  "litres": 0.12490238261238,
  "energy": 0.00045458258036524,
  "monthly_views": 10000
}