{
  "grams": 0.34245596774574,
  "litres": 0.19047400926018,
  "energy": 0.00069323070393875,
  "monthly_views": 10000
}