{
  "grams": 0.69428761298396,
  "litres": 0.38616277034168,
  "energy": 0.0014054405121133,
  "monthly_views": 10000
}