{
  "grams": 0.00012859096191823,
  "litres": 7.1522293018922e-05,
  "energy": 2.603055909276e-07,
  "monthly_views": 10000
}