{
  "grams": 1.5781965630027,
  "litres": 0.87779292834208,
  "energy": 0.0031947298846208,
  "monthly_views": 10000
}