{
  "grams": 0.0066816186853219,
  "litres": 0.003716316312776,
  "energy": 1.6561890486628e-05,
  "monthly_views": 10000
}