{
  "grams": 0.49298377142795,
  "litres": 0.27419757366823,
  "energy": 0.0012219708454795,
  "monthly_views": 10000
}