{
  "grams": 0.30757827796433,
  "litres": 0.17107503820376,
  "energy": 0.00076240174658597,
  "monthly_views": 10000
}