{
  "grams": 0.00010347716789693,
  "litres": 5.755400078427e-05,
  "energy": 2.0946795120835e-07,
  "monthly_views": 10000
}