{
  "grams": 0.52167748468369,
  "litres": 0.29015701698107,
  "energy": 0.0010560272969306,
  "monthly_views": 10000
}