{
  "grams": 0.28434932802441,
  "litres": 0.15815509624717,
  "energy": 0.00070482358429581,
  "monthly_views": 10000
}