{
  "grams": 1.9012511349041,
  "litres": 1.0574758812337,
  "energy": 0.003848686507903,
  "monthly_views": 10000
}