{
  "grams": 0.6199538046727,
  "litres": 0.34481830615895,
  "energy": 0.0012549672159366,
  "monthly_views": 10000
}