{
  "window": {
    "start_s": 2.4172799587249756,
    "end_s": 207.545
  },
  "energy": {
    "perfetto_j": 151.509291,
    "external_j": 297.5837650000001,
    "rail_groups": {
      "other": 14.703213,
      "cpu": 51.144966,
      "memory": 25.627941,
      "display": 40.731206,
      "gpu": 1.29025,
      "wifi_bt": 18.011715
    },
    "perfetto_avg_j": 6.312887125,
    "external_avg_j": 12.39932354166667,
    "perfetto_stdev_j": 0.31666634861045995,
    "external_stdev_j": 0.17570833007179268
  },
  "correlation": {
    "spearman": 0.42391304347826086
  },
  "calibration": {
    "slope": 0.6814243459690333,
    "intercept": 7.800730797340018,
    "r2": 0.443094495856941
  },
  "sync": {
    "events": 24,
    "median_interval_s": 8.168447736000005
  },
  "website_carbon": {
    "grams": 0.32455566817895,
    "litres": 0.18051786264113,
    "energy_kwh": 0.00065699527971447,
    "energy_j": 2365.183006972092,
    "monthly_views": 10000
  },
  "network": {
    "median_page_bytes": 5488332.0,
    "estimated_total_bytes": 131719968.0,
    "valid_measurement_count": 24,
    "coverage": 100.0,
    "stdev_page_bytes": 484357.8084788785,
    "cv_page_bytes": 8.825227928610706
  }
}