{
  "grams": 0.0042675734711811,
  "litres": 0.0023736243646709,
  "energy": 8.6388126946986e-06,
  "monthly_views": 10000
}