{
  "grams": 0.52116093249712,
  "litres": 0.2898697106549,
  "energy": 0.001054981644731,
  "monthly_views": 10000
}