{
  "grams": 0.00012848675530404,
  "litres": 7.1464333300106e-05,
  "energy": 2.6009464636445e-07,
  "monthly_views": 10000
}