{
  "grams": 0.89525912054274,
  "litres": 0.49794312284587,
  "energy": 0.0022191005218774,
  "monthly_views": 10000
}