{
  "grams": 0.34604134914353,
  "litres": 0.19246819839363,
  "energy": 0.00085774109512568,
  "monthly_views": 10000
}