{
  "grams": 0.32922305290359,
  "litres": 0.18311386202498,
  "energy": 0.00081605317583308,
  "monthly_views": 10000
}