{
  "grams": 0.23879602144752,
  "litres": 0.13281834712911,
  "energy": 0.00048339275596663,
  "monthly_views": 10000
}