{
  "grams": 0.0085979835307226,
  "litres": 0.0047821984397879,
  "energy": 1.7404824960977e-05,
  "monthly_views": 10000
}