{
  "grams": 0.15869291814789,
  "litres": 0.088265001073857,
  "energy": 0.00032124072499573,
  "monthly_views": 10000
}