{
  "grams": 0.078196955912746,
  "litres": 0.04349314687867,
  "energy": 0.00015829343302175,
  "monthly_views": 10000
}