{
  "grams": 0.23229503103369,
  "litres": 0.12920249626094,
  "energy": 0.00057579533429816,
  "monthly_views": 10000
}