{
  "window": {
    "start_s": 2.1878905296325684,
    "end_s": 759.725
  },
  "energy": {
    "perfetto_j": 670.8006,
    "external_j": 1129.233997999999,
    "rail_groups": {
      "other": 46.659481,
      "cpu": 46.937363,
      "memory": 49.03538,
      "display": 491.651185,
      "gpu": 2.793379,
      "wifi_bt": 33.723812
    },
    "perfetto_avg_j": 4.594524657534246,
    "external_avg_j": 7.734479438356158,
    "perfetto_stdev_j": 0.13220875811487295,
    "external_stdev_j": 0.2625830480454488
  },
  "correlation": {
    "spearman": 0.22231144701621788
  },
  "calibration": {
    "slope": 0.23594838558301925,
    "intercept": 6.655344791949323,
    "r2": 0.03373283869599631
  },
  "sync": {
    "events": 146,
    "median_interval_s": 5.173650318
  },
  "network": {
    "median_page_bytes": 37809.0,
    "estimated_total_bytes": 5520114.0,
    "valid_measurement_count": 148,
    "coverage": 101.36986301369863,
    "stdev_page_bytes": 0.4759330063278092,
    "cv_page_bytes": 0.0012587823172467117
  }
}