{
  "grams": 0.27437007540185,
  "litres": 0.15260463593851,
  "energy": 0.00055540501093492,
  "monthly_views": 10000
}