{
  "grams": 0.28919502937049,
  "litres": 0.16085027533586,
  "energy": 0.00058541503921151,
  "monthly_views": 10000
}