{
  "grams": 0.49879862554804,
  "litres": 0.27743179552982,
  "energy": 0.0012363842655905,
  "monthly_views": 10000
}