{
  "grams": 0.2671129253231,
  "litres": 0.14856820906471,
  "energy": 0.00066209929436445,
  "monthly_views": 10000
}