{
  "grams": 0.23914282105956,
  "litres": 0.13301123707333,
  "energy": 0.0004840947794728,
  "monthly_views": 10000
}