{
  "grams": 1.0084184045857,
  "litres": 0.56088231663058,
  "energy": 0.0024995911871083,
  "monthly_views": 10000
}