{
  "grams": 0.50383512399439,
  "litres": 0.28023309596568,
  "energy": 0.0010199091578834,
  "monthly_views": 10000
}