{
  "grams": 0.026327280043624,
  "litres": 0.014643233160264,
  "energy": 5.3294089157134e-05,
  "monthly_views": 10000
}