{
  "grams": 3.3554529771209e-05,
  "litres": 1.8663029458746e-05,
  "energy": 6.7924149334431e-08,
  "monthly_views": 10000
}