{
  "window": {
    "start_s": 2.4032552242279053,
    "end_s": 809.586
  },
  "energy": {
    "perfetto_j": 749.368235,
    "external_j": 1259.0470199999997,
    "rail_groups": {
      "other": 56.004208,
      "cpu": 81.4994,
      "memory": 63.482553,
      "display": 478.921893,
      "gpu": 4.389208,
      "wifi_bt": 65.070973
    },
    "perfetto_avg_j": 7.646614642857143,
    "external_avg_j": 12.84741857142857,
    "perfetto_stdev_j": 0.1675045150814967,
    "external_stdev_j": 0.16837400544450037
  },
  "correlation": {
    "spearman": 0.13924100568062275
  },
  "calibration": {
    "slope": 0.12089878059107174,
    "intercept": 11.822156523247546,
    "r2": 0.01885886603672289
  },
  "sync": {
    "events": 98,
    "median_interval_s": 8.192467426000007
  },
  "website_carbon": {
    "grams": 0.20551919709281,
    "litres": 0.11430977742302,
    "energy_kwh": 0.00050942542450503,
    "energy_j": 1833.9315282181078,
    "monthly_views": 10000
  },
  "network": {
    "median_page_bytes": 2203367.0,
    "estimated_total_bytes": 215929966.0,
    "valid_measurement_count": 99,
    "coverage": 101.0204081632653,
    "stdev_page_bytes": 1.9622808869062827,
    "cv_page_bytes": 8.905828610968044e-05
  }
}