{
  "grams": 0.24692952310001,
  "litres": 0.13734220074822,
  "energy": 0.00061207020515576,
  "monthly_views": 10000
}